MatchId,BotType,Result,TimeMs,TotalClicks
1,RandomBot,DEFEAT,64,8
2,RandomBot,DEFEAT,0,8
3,RandomBot,DEFEAT,0,2
4,RandomBot,DEFEAT,0,6
5,RandomBot,DEFEAT,0,2
6,RandomBot,DEFEAT,0,3
7,RandomBot,DEFEAT,0,1
8,RandomBot,DEFEAT,0,2
9,RandomBot,DEFEAT,0,4
10,RandomBot,DEFEAT,0,1
11,RandomBot,DEFEAT,1,4
12,RandomBot,DEFEAT,0,7
13,RandomBot,DEFEAT,0,3
14,RandomBot,DEFEAT,0,5
15,RandomBot,DEFEAT,0,4
16,RandomBot,DEFEAT,0,5
17,RandomBot,DEFEAT,0,6
18,RandomBot,DEFEAT,0,3
19,RandomBot,DEFEAT,0,1
20,RandomBot,DEFEAT,0,3
21,RandomBot,DEFEAT,0,1
22,RandomBot,DEFEAT,0,5
23,RandomBot,DEFEAT,1,3
24,RandomBot,DEFEAT,0,4
25,RandomBot,DEFEAT,0,4
26,RandomBot,DEFEAT,0,5
27,RandomBot,DEFEAT,0,2
28,RandomBot,DEFEAT,0,1
29,RandomBot,DEFEAT,0,4
30,RandomBot,DEFEAT,0,8
31,RandomBot,DEFEAT,0,3
32,RandomBot,DEFEAT,0,5
33,RandomBot,DEFEAT,0,8
34,RandomBot,DEFEAT,0,3
35,RandomBot,DEFEAT,0,2
36,RandomBot,DEFEAT,0,5
37,RandomBot,DEFEAT,0,1
38,RandomBot,DEFEAT,0,8
39,RandomBot,DEFEAT,0,1
40,RandomBot,DEFEAT,0,2
41,RandomBot,DEFEAT,0,1
42,RandomBot,DEFEAT,0,1
43,RandomBot,DEFEAT,0,9
44,RandomBot,DEFEAT,0,3
45,RandomBot,DEFEAT,0,4
46,RandomBot,DEFEAT,0,1
47,RandomBot,DEFEAT,0,5
48,RandomBot,DEFEAT,0,14
49,RandomBot,DEFEAT,0,1
50,RandomBot,DEFEAT,0,3
51,RandomBot,DEFEAT,0,3
52,RandomBot,DEFEAT,0,1
53,RandomBot,DEFEAT,0,3
54,RandomBot,DEFEAT,0,4
55,RandomBot,VICTORY,0,3
56,RandomBot,DEFEAT,0,3
57,RandomBot,DEFEAT,0,2
58,RandomBot,DEFEAT,0,2
59,RandomBot,DEFEAT,0,6
60,RandomBot,DEFEAT,0,3
61,RandomBot,DEFEAT,0,1
62,RandomBot,DEFEAT,0,5
63,RandomBot,DEFEAT,0,3
64,RandomBot,DEFEAT,0,7
65,RandomBot,DEFEAT,0,3
66,RandomBot,DEFEAT,0,5
67,RandomBot,DEFEAT,0,2
68,RandomBot,DEFEAT,0,2
69,RandomBot,DEFEAT,0,3
70,RandomBot,DEFEAT,0,2
71,RandomBot,DEFEAT,0,3
72,RandomBot,DEFEAT,0,3
73,RandomBot,DEFEAT,0,2
74,RandomBot,DEFEAT,0,6
75,RandomBot,DEFEAT,0,2
76,RandomBot,DEFEAT,0,3
77,RandomBot,DEFEAT,0,2
78,RandomBot,DEFEAT,0,5
79,RandomBot,DEFEAT,0,3
80,RandomBot,DEFEAT,0,7
81,RandomBot,DEFEAT,0,3
82,RandomBot,DEFEAT,0,7
83,RandomBot,DEFEAT,0,1
84,RandomBot,DEFEAT,0,4
85,RandomBot,DEFEAT,0,5
86,RandomBot,DEFEAT,0,3
87,RandomBot,DEFEAT,0,3
88,RandomBot,DEFEAT,0,5
89,RandomBot,DEFEAT,1,2
90,RandomBot,DEFEAT,0,1
91,RandomBot,DEFEAT,0,6
92,RandomBot,DEFEAT,0,6
93,RandomBot,DEFEAT,0,1
94,RandomBot,DEFEAT,0,5
95,RandomBot,DEFEAT,0,1
96,RandomBot,DEFEAT,0,7
97,RandomBot,DEFEAT,0,4
98,RandomBot,DEFEAT,0,5
99,RandomBot,DEFEAT,0,2
100,RandomBot,DEFEAT,0,3
101,RandomBot,DEFEAT,0,7
102,RandomBot,DEFEAT,0,3
103,RandomBot,DEFEAT,0,2
104,RandomBot,DEFEAT,0,2
105,RandomBot,DEFEAT,0,2
106,RandomBot,DEFEAT,0,2
107,RandomBot,DEFEAT,0,2
108,RandomBot,DEFEAT,0,6
109,RandomBot,DEFEAT,0,4
110,RandomBot,DEFEAT,0,4
111,RandomBot,DEFEAT,0,5
112,RandomBot,DEFEAT,0,2
113,RandomBot,DEFEAT,0,5
114,RandomBot,DEFEAT,0,7
115,RandomBot,DEFEAT,0,1
116,RandomBot,DEFEAT,0,5
117,RandomBot,DEFEAT,0,3
118,RandomBot,DEFEAT,0,5
119,RandomBot,DEFEAT,0,11
120,RandomBot,DEFEAT,0,6
121,RandomBot,DEFEAT,0,3
122,RandomBot,DEFEAT,0,5
123,RandomBot,DEFEAT,0,2
124,RandomBot,DEFEAT,0,5
125,RandomBot,DEFEAT,0,1
126,RandomBot,DEFEAT,0,4
127,RandomBot,DEFEAT,0,1
128,RandomBot,DEFEAT,0,2
129,RandomBot,DEFEAT,0,4
130,RandomBot,DEFEAT,0,7
131,RandomBot,DEFEAT,0,7
132,RandomBot,DEFEAT,0,8
133,RandomBot,DEFEAT,0,2
134,RandomBot,DEFEAT,0,5
135,RandomBot,DEFEAT,0,5
136,RandomBot,DEFEAT,0,8
137,RandomBot,DEFEAT,0,2
138,RandomBot,DEFEAT,0,7
139,RandomBot,DEFEAT,0,4
140,RandomBot,DEFEAT,0,5
141,RandomBot,DEFEAT,0,5
142,RandomBot,DEFEAT,0,2
143,RandomBot,DEFEAT,0,5
144,RandomBot,DEFEAT,0,3
145,RandomBot,DEFEAT,0,6
146,RandomBot,DEFEAT,0,5
147,RandomBot,DEFEAT,0,5
148,RandomBot,DEFEAT,0,7
149,RandomBot,DEFEAT,0,2
150,RandomBot,DEFEAT,0,5
151,RandomBot,DEFEAT,0,4
152,RandomBot,DEFEAT,0,9
153,RandomBot,DEFEAT,0,4
154,RandomBot,DEFEAT,0,4
155,RandomBot,DEFEAT,0,2
156,RandomBot,DEFEAT,0,2
157,RandomBot,DEFEAT,0,5
158,RandomBot,DEFEAT,0,2
159,RandomBot,DEFEAT,0,2
160,RandomBot,DEFEAT,0,2
161,RandomBot,DEFEAT,0,4
162,RandomBot,DEFEAT,0,2
163,RandomBot,DEFEAT,0,3
164,RandomBot,DEFEAT,0,1
165,RandomBot,DEFEAT,0,3
166,RandomBot,DEFEAT,0,9
167,RandomBot,DEFEAT,0,1
168,RandomBot,DEFEAT,0,3
169,RandomBot,DEFEAT,0,3
170,RandomBot,DEFEAT,0,4
171,RandomBot,DEFEAT,0,2
172,RandomBot,DEFEAT,0,6
173,RandomBot,DEFEAT,0,4
174,RandomBot,DEFEAT,0,4
175,RandomBot,DEFEAT,0,4
176,RandomBot,DEFEAT,0,4
177,RandomBot,DEFEAT,0,3
178,RandomBot,DEFEAT,0,3
179,RandomBot,DEFEAT,0,6
180,RandomBot,DEFEAT,0,5
181,RandomBot,DEFEAT,0,4
182,RandomBot,DEFEAT,0,5
183,RandomBot,DEFEAT,0,4
184,RandomBot,DEFEAT,0,4
185,RandomBot,DEFEAT,0,8
186,RandomBot,DEFEAT,0,8
187,RandomBot,DEFEAT,0,8
188,RandomBot,DEFEAT,0,1
189,RandomBot,DEFEAT,0,5
190,RandomBot,DEFEAT,0,1
191,RandomBot,DEFEAT,0,3
192,RandomBot,DEFEAT,0,3
193,RandomBot,DEFEAT,0,6
194,RandomBot,DEFEAT,0,4
195,RandomBot,DEFEAT,0,4
196,RandomBot,DEFEAT,0,4
197,RandomBot,DEFEAT,0,2
198,RandomBot,DEFEAT,0,4
199,RandomBot,DEFEAT,0,5
200,RandomBot,DEFEAT,0,5
201,RandomBot,DEFEAT,0,5
202,RandomBot,DEFEAT,0,2
203,RandomBot,DEFEAT,0,3
204,RandomBot,DEFEAT,0,3
205,RandomBot,DEFEAT,0,3
206,RandomBot,DEFEAT,0,3
207,RandomBot,VICTORY,0,1
208,RandomBot,DEFEAT,0,7
209,RandomBot,DEFEAT,0,4
210,RandomBot,DEFEAT,0,6
211,RandomBot,DEFEAT,0,5
212,RandomBot,DEFEAT,0,3
213,RandomBot,DEFEAT,0,5
214,RandomBot,DEFEAT,0,4
215,RandomBot,DEFEAT,0,8
216,RandomBot,DEFEAT,0,4
217,RandomBot,DEFEAT,0,3
218,RandomBot,DEFEAT,0,5
219,RandomBot,DEFEAT,0,3
220,RandomBot,DEFEAT,0,5
221,RandomBot,DEFEAT,0,5
222,RandomBot,DEFEAT,0,5
223,RandomBot,DEFEAT,0,5
224,RandomBot,DEFEAT,0,2
225,RandomBot,DEFEAT,0,1
226,RandomBot,DEFEAT,0,2
227,RandomBot,DEFEAT,0,9
228,RandomBot,DEFEAT,0,5
229,RandomBot,DEFEAT,0,1
230,RandomBot,DEFEAT,0,4
231,RandomBot,DEFEAT,0,1
232,RandomBot,DEFEAT,0,1
233,RandomBot,DEFEAT,0,6
234,RandomBot,DEFEAT,0,7
235,RandomBot,DEFEAT,0,3
236,RandomBot,DEFEAT,0,2
237,RandomBot,DEFEAT,0,7
238,RandomBot,DEFEAT,0,2
239,RandomBot,DEFEAT,0,3
240,RandomBot,DEFEAT,1,4
241,RandomBot,DEFEAT,0,2
242,RandomBot,DEFEAT,0,3
243,RandomBot,DEFEAT,0,1
244,RandomBot,DEFEAT,0,5
245,RandomBot,DEFEAT,0,1
246,RandomBot,DEFEAT,0,3
247,RandomBot,DEFEAT,0,4
248,RandomBot,DEFEAT,0,5
249,RandomBot,DEFEAT,0,4
250,RandomBot,DEFEAT,0,1
251,RandomBot,DEFEAT,0,6
252,RandomBot,DEFEAT,0,8
253,RandomBot,DEFEAT,0,3
254,RandomBot,DEFEAT,0,3
255,RandomBot,DEFEAT,0,2
256,RandomBot,DEFEAT,0,5
257,RandomBot,DEFEAT,0,2
258,RandomBot,DEFEAT,0,2
259,RandomBot,DEFEAT,0,2
260,RandomBot,DEFEAT,0,3
261,RandomBot,DEFEAT,0,7
262,RandomBot,DEFEAT,0,5
263,RandomBot,DEFEAT,0,2
264,RandomBot,DEFEAT,0,6
265,RandomBot,DEFEAT,0,3
266,RandomBot,DEFEAT,0,1
267,RandomBot,DEFEAT,0,2
268,RandomBot,DEFEAT,0,4
269,RandomBot,DEFEAT,0,4
270,RandomBot,DEFEAT,0,1
271,RandomBot,DEFEAT,0,4
272,RandomBot,DEFEAT,0,3
273,RandomBot,DEFEAT,0,2
274,RandomBot,DEFEAT,0,2
275,RandomBot,DEFEAT,0,3
276,RandomBot,DEFEAT,0,8
277,RandomBot,DEFEAT,0,3
278,RandomBot,DEFEAT,0,2
279,RandomBot,DEFEAT,0,5
280,RandomBot,DEFEAT,0,2
281,RandomBot,DEFEAT,0,4
282,RandomBot,DEFEAT,0,9
283,RandomBot,DEFEAT,0,5
284,RandomBot,DEFEAT,0,3
285,RandomBot,DEFEAT,0,2
286,RandomBot,DEFEAT,0,4
287,RandomBot,DEFEAT,0,4
288,RandomBot,DEFEAT,0,1
289,RandomBot,DEFEAT,0,4
290,RandomBot,DEFEAT,0,7
291,RandomBot,DEFEAT,0,3
292,RandomBot,DEFEAT,0,2
293,RandomBot,DEFEAT,0,5
294,RandomBot,DEFEAT,0,9
295,RandomBot,DEFEAT,0,3
296,RandomBot,DEFEAT,0,7
297,RandomBot,DEFEAT,0,12
298,RandomBot,DEFEAT,0,5
299,RandomBot,DEFEAT,0,2
300,RandomBot,DEFEAT,0,3
301,RandomBot,DEFEAT,0,2
302,RandomBot,DEFEAT,0,14
303,RandomBot,DEFEAT,0,3
304,RandomBot,DEFEAT,0,11
305,RandomBot,DEFEAT,0,3
306,RandomBot,DEFEAT,0,6
307,RandomBot,DEFEAT,0,7
308,RandomBot,DEFEAT,0,4
309,RandomBot,DEFEAT,0,5
310,RandomBot,DEFEAT,0,7
311,RandomBot,DEFEAT,0,5
312,RandomBot,DEFEAT,0,3
313,RandomBot,DEFEAT,0,2
314,RandomBot,DEFEAT,0,4
315,RandomBot,DEFEAT,0,5
316,RandomBot,DEFEAT,0,3
317,RandomBot,DEFEAT,0,4
318,RandomBot,DEFEAT,0,8
319,RandomBot,DEFEAT,0,1
320,RandomBot,DEFEAT,0,8
321,RandomBot,DEFEAT,0,6
322,RandomBot,DEFEAT,0,6
323,RandomBot,DEFEAT,0,9
324,RandomBot,DEFEAT,0,2
325,RandomBot,DEFEAT,0,4
326,RandomBot,DEFEAT,0,1
327,RandomBot,DEFEAT,0,3
328,RandomBot,DEFEAT,0,4
329,RandomBot,DEFEAT,0,1
330,RandomBot,DEFEAT,0,3
331,RandomBot,DEFEAT,0,12
332,RandomBot,DEFEAT,0,5
333,RandomBot,DEFEAT,0,3
334,RandomBot,DEFEAT,0,4
335,RandomBot,DEFEAT,0,3
336,RandomBot,DEFEAT,0,10
337,RandomBot,DEFEAT,0,1
338,RandomBot,DEFEAT,0,10
339,RandomBot,DEFEAT,0,7
340,RandomBot,DEFEAT,0,5
341,RandomBot,DEFEAT,0,6
342,RandomBot,DEFEAT,0,3
343,RandomBot,DEFEAT,0,3
344,RandomBot,DEFEAT,0,6
345,RandomBot,DEFEAT,0,3
346,RandomBot,DEFEAT,0,5
347,RandomBot,DEFEAT,0,3
348,RandomBot,DEFEAT,0,3
349,RandomBot,DEFEAT,0,6
350,RandomBot,DEFEAT,0,3
351,RandomBot,DEFEAT,0,4
352,RandomBot,DEFEAT,0,1
353,RandomBot,DEFEAT,0,8
354,RandomBot,DEFEAT,0,8
355,RandomBot,DEFEAT,0,1
356,RandomBot,DEFEAT,0,4
357,RandomBot,DEFEAT,0,3
358,RandomBot,DEFEAT,0,3
359,RandomBot,DEFEAT,0,2
360,RandomBot,DEFEAT,0,4
361,RandomBot,DEFEAT,0,6
362,RandomBot,DEFEAT,0,6
363,RandomBot,DEFEAT,0,2
364,RandomBot,DEFEAT,0,3
365,RandomBot,DEFEAT,0,6
366,RandomBot,DEFEAT,0,5
367,RandomBot,DEFEAT,0,1
368,RandomBot,DEFEAT,0,4
369,RandomBot,DEFEAT,0,3
370,RandomBot,DEFEAT,0,4
371,RandomBot,DEFEAT,0,4
372,RandomBot,DEFEAT,0,1
373,RandomBot,DEFEAT,0,1
374,RandomBot,DEFEAT,0,2
375,RandomBot,DEFEAT,0,1
376,RandomBot,DEFEAT,0,2
377,RandomBot,DEFEAT,0,6
378,RandomBot,DEFEAT,0,1
379,RandomBot,DEFEAT,0,1
380,RandomBot,DEFEAT,0,3
381,RandomBot,DEFEAT,0,2
382,RandomBot,DEFEAT,0,1
383,RandomBot,DEFEAT,0,5
384,RandomBot,DEFEAT,0,5
385,RandomBot,DEFEAT,0,1
386,RandomBot,DEFEAT,0,1
387,RandomBot,DEFEAT,0,1
388,RandomBot,DEFEAT,0,8
389,RandomBot,DEFEAT,0,2
390,RandomBot,DEFEAT,0,2
391,RandomBot,DEFEAT,0,2
392,RandomBot,DEFEAT,0,5
393,RandomBot,DEFEAT,0,8
394,RandomBot,DEFEAT,0,5
395,RandomBot,DEFEAT,0,5
396,RandomBot,DEFEAT,0,4
397,RandomBot,DEFEAT,0,3
398,RandomBot,DEFEAT,0,5
399,RandomBot,DEFEAT,0,4
400,RandomBot,DEFEAT,0,2
401,RandomBot,DEFEAT,0,2
402,RandomBot,DEFEAT,0,5
403,RandomBot,DEFEAT,0,3
404,RandomBot,DEFEAT,0,4
405,RandomBot,DEFEAT,0,1
406,RandomBot,DEFEAT,0,2
407,RandomBot,DEFEAT,0,3
408,RandomBot,DEFEAT,0,5
409,RandomBot,DEFEAT,0,5
410,RandomBot,DEFEAT,0,3
411,RandomBot,DEFEAT,0,1
412,RandomBot,DEFEAT,0,4
413,RandomBot,DEFEAT,0,2
414,RandomBot,DEFEAT,0,2
415,RandomBot,DEFEAT,0,1
416,RandomBot,DEFEAT,0,1
417,RandomBot,DEFEAT,0,3
418,RandomBot,DEFEAT,0,2
419,RandomBot,DEFEAT,0,5
420,RandomBot,DEFEAT,0,6
421,RandomBot,DEFEAT,0,1
422,RandomBot,DEFEAT,0,1
423,RandomBot,DEFEAT,0,3
424,RandomBot,DEFEAT,0,3
425,RandomBot,DEFEAT,0,1
426,RandomBot,DEFEAT,0,2
427,RandomBot,DEFEAT,0,5
428,RandomBot,DEFEAT,0,2
429,RandomBot,DEFEAT,0,4
430,RandomBot,DEFEAT,0,8
431,RandomBot,DEFEAT,0,1
432,RandomBot,DEFEAT,0,2
433,RandomBot,DEFEAT,0,1
434,RandomBot,DEFEAT,0,10
435,RandomBot,DEFEAT,0,5
436,RandomBot,DEFEAT,0,6
437,RandomBot,DEFEAT,0,5
438,RandomBot,DEFEAT,0,2
439,RandomBot,DEFEAT,0,6
440,RandomBot,DEFEAT,0,9
441,RandomBot,DEFEAT,0,4
442,RandomBot,DEFEAT,0,2
443,RandomBot,DEFEAT,0,2
444,RandomBot,DEFEAT,0,6
445,RandomBot,DEFEAT,0,4
446,RandomBot,DEFEAT,0,1
447,RandomBot,VICTORY,0,6
448,RandomBot,DEFEAT,0,3
449,RandomBot,DEFEAT,0,2
450,RandomBot,DEFEAT,0,3
451,RandomBot,DEFEAT,0,2
452,RandomBot,DEFEAT,0,4
453,RandomBot,DEFEAT,0,2
454,RandomBot,DEFEAT,0,2
455,RandomBot,DEFEAT,0,3
456,RandomBot,DEFEAT,0,5
457,RandomBot,DEFEAT,0,2
458,RandomBot,DEFEAT,0,2
459,RandomBot,DEFEAT,0,3
460,RandomBot,DEFEAT,0,1
461,RandomBot,DEFEAT,0,3
462,RandomBot,DEFEAT,0,3
463,RandomBot,DEFEAT,0,2
464,RandomBot,DEFEAT,0,5
465,RandomBot,DEFEAT,0,3
466,RandomBot,DEFEAT,0,4
467,RandomBot,DEFEAT,0,3
468,RandomBot,DEFEAT,0,5
469,RandomBot,DEFEAT,0,2
470,RandomBot,DEFEAT,0,8
471,RandomBot,DEFEAT,0,3
472,RandomBot,DEFEAT,0,4
473,RandomBot,DEFEAT,0,3
474,RandomBot,DEFEAT,0,3
475,RandomBot,DEFEAT,0,2
476,RandomBot,DEFEAT,0,1
477,RandomBot,DEFEAT,0,3
478,RandomBot,DEFEAT,0,3
479,RandomBot,DEFEAT,0,3
480,RandomBot,DEFEAT,0,6
481,RandomBot,DEFEAT,0,2
482,RandomBot,DEFEAT,0,2
483,RandomBot,DEFEAT,0,4
484,RandomBot,DEFEAT,0,2
485,RandomBot,DEFEAT,0,5
486,RandomBot,DEFEAT,0,3
487,RandomBot,DEFEAT,0,2
488,RandomBot,DEFEAT,0,2
489,RandomBot,DEFEAT,0,7
490,RandomBot,DEFEAT,0,3
491,RandomBot,DEFEAT,0,2
492,RandomBot,DEFEAT,0,3
493,RandomBot,DEFEAT,0,3
494,RandomBot,DEFEAT,0,5
495,RandomBot,DEFEAT,0,6
496,RandomBot,DEFEAT,0,3
497,RandomBot,DEFEAT,0,4
498,RandomBot,DEFEAT,0,3
499,RandomBot,DEFEAT,0,6
500,RandomBot,DEFEAT,1,5
501,RandomBot,DEFEAT,0,6
502,RandomBot,DEFEAT,0,5
503,RandomBot,DEFEAT,0,6
504,RandomBot,DEFEAT,0,7
505,RandomBot,DEFEAT,0,2
506,RandomBot,DEFEAT,0,7
507,RandomBot,DEFEAT,0,10
508,RandomBot,DEFEAT,0,2
509,RandomBot,DEFEAT,0,3
510,RandomBot,DEFEAT,0,6
511,RandomBot,DEFEAT,0,7
512,RandomBot,DEFEAT,0,2
513,RandomBot,DEFEAT,0,5
514,RandomBot,DEFEAT,0,2
515,RandomBot,DEFEAT,0,6
516,RandomBot,DEFEAT,0,4
517,RandomBot,DEFEAT,0,3
518,RandomBot,DEFEAT,0,2
519,RandomBot,VICTORY,0,4
520,RandomBot,DEFEAT,0,2
521,RandomBot,DEFEAT,0,4
522,RandomBot,DEFEAT,0,2
523,RandomBot,DEFEAT,0,5
524,RandomBot,DEFEAT,0,4
525,RandomBot,DEFEAT,0,6
526,RandomBot,DEFEAT,0,3
527,RandomBot,DEFEAT,0,3
528,RandomBot,DEFEAT,0,1
529,RandomBot,DEFEAT,0,2
530,RandomBot,DEFEAT,0,2
531,RandomBot,DEFEAT,0,5
532,RandomBot,DEFEAT,0,2
533,RandomBot,DEFEAT,0,8
534,RandomBot,DEFEAT,0,4
535,RandomBot,DEFEAT,0,3
536,RandomBot,DEFEAT,0,3
537,RandomBot,DEFEAT,0,2
538,RandomBot,DEFEAT,0,3
539,RandomBot,DEFEAT,0,3
540,RandomBot,DEFEAT,0,3
541,RandomBot,DEFEAT,0,11
542,RandomBot,DEFEAT,0,5
543,RandomBot,DEFEAT,0,5
544,RandomBot,DEFEAT,0,1
545,RandomBot,DEFEAT,0,7
546,RandomBot,DEFEAT,0,4
547,RandomBot,DEFEAT,0,5
548,RandomBot,DEFEAT,0,8
549,RandomBot,DEFEAT,0,1
550,RandomBot,DEFEAT,0,3
551,RandomBot,DEFEAT,0,3
552,RandomBot,DEFEAT,0,9
553,RandomBot,DEFEAT,0,1
554,RandomBot,DEFEAT,0,3
555,RandomBot,DEFEAT,0,3
556,RandomBot,DEFEAT,0,2
557,RandomBot,DEFEAT,0,1
558,RandomBot,DEFEAT,0,9
559,RandomBot,DEFEAT,0,4
560,RandomBot,DEFEAT,0,3
561,RandomBot,DEFEAT,0,3
562,RandomBot,DEFEAT,0,5
563,RandomBot,DEFEAT,0,2
564,RandomBot,DEFEAT,0,7
565,RandomBot,DEFEAT,0,8
566,RandomBot,DEFEAT,0,3
567,RandomBot,DEFEAT,0,3
568,RandomBot,DEFEAT,0,6
569,RandomBot,DEFEAT,0,3
570,RandomBot,DEFEAT,0,1
571,RandomBot,DEFEAT,0,6
572,RandomBot,DEFEAT,0,3
573,RandomBot,DEFEAT,0,3
574,RandomBot,DEFEAT,0,3
575,RandomBot,DEFEAT,0,3
576,RandomBot,DEFEAT,0,4
577,RandomBot,DEFEAT,0,6
578,RandomBot,DEFEAT,0,3
579,RandomBot,DEFEAT,0,2
580,RandomBot,DEFEAT,0,2
581,RandomBot,DEFEAT,0,4
582,RandomBot,DEFEAT,0,3
583,RandomBot,DEFEAT,0,2
584,RandomBot,DEFEAT,0,4
585,RandomBot,DEFEAT,0,4
586,RandomBot,DEFEAT,0,5
587,RandomBot,DEFEAT,0,10
588,RandomBot,DEFEAT,0,4
589,RandomBot,DEFEAT,0,5
590,RandomBot,DEFEAT,0,7
591,RandomBot,DEFEAT,0,2
592,RandomBot,DEFEAT,0,7
593,RandomBot,DEFEAT,0,2
594,RandomBot,DEFEAT,0,2
595,RandomBot,DEFEAT,0,5
596,RandomBot,DEFEAT,0,4
597,RandomBot,DEFEAT,0,2
598,RandomBot,DEFEAT,0,2
599,RandomBot,DEFEAT,0,6
600,RandomBot,DEFEAT,0,6
601,RandomBot,DEFEAT,0,3
602,RandomBot,DEFEAT,0,6
603,RandomBot,DEFEAT,0,4
604,RandomBot,DEFEAT,0,6
605,RandomBot,DEFEAT,0,2
606,RandomBot,DEFEAT,0,1
607,RandomBot,DEFEAT,0,1
608,RandomBot,DEFEAT,0,3
609,RandomBot,DEFEAT,0,8
610,RandomBot,DEFEAT,0,7
611,RandomBot,DEFEAT,0,6
612,RandomBot,DEFEAT,0,5
613,RandomBot,DEFEAT,0,3
614,RandomBot,DEFEAT,0,4
615,RandomBot,DEFEAT,0,5
616,RandomBot,DEFEAT,0,3
617,RandomBot,DEFEAT,0,3
618,RandomBot,DEFEAT,0,3
619,RandomBot,DEFEAT,0,5
620,RandomBot,DEFEAT,0,3
621,RandomBot,DEFEAT,0,2
622,RandomBot,DEFEAT,0,4
623,RandomBot,DEFEAT,0,9
624,RandomBot,DEFEAT,0,1
625,RandomBot,DEFEAT,0,5
626,RandomBot,DEFEAT,0,2
627,RandomBot,DEFEAT,0,8
628,RandomBot,DEFEAT,0,6
629,RandomBot,DEFEAT,0,1
630,RandomBot,DEFEAT,0,3
631,RandomBot,DEFEAT,0,3
632,RandomBot,DEFEAT,0,2
633,RandomBot,DEFEAT,0,2
634,RandomBot,DEFEAT,0,8
635,RandomBot,DEFEAT,0,6
636,RandomBot,DEFEAT,0,10
637,RandomBot,DEFEAT,0,6
638,RandomBot,DEFEAT,0,2
639,RandomBot,DEFEAT,0,8
640,RandomBot,DEFEAT,0,2
641,RandomBot,DEFEAT,0,5
642,RandomBot,DEFEAT,0,2
643,RandomBot,DEFEAT,0,6
644,RandomBot,DEFEAT,0,2
645,RandomBot,DEFEAT,0,2
646,RandomBot,DEFEAT,0,8
647,RandomBot,DEFEAT,0,4
648,RandomBot,DEFEAT,0,4
649,RandomBot,DEFEAT,0,8
650,RandomBot,DEFEAT,0,4
651,RandomBot,DEFEAT,0,3
652,RandomBot,DEFEAT,0,4
653,RandomBot,DEFEAT,0,9
654,RandomBot,DEFEAT,0,2
655,RandomBot,DEFEAT,0,3
656,RandomBot,DEFEAT,0,6
657,RandomBot,DEFEAT,0,2
658,RandomBot,DEFEAT,0,7
659,RandomBot,DEFEAT,0,10
660,RandomBot,DEFEAT,0,4
661,RandomBot,DEFEAT,0,5
662,RandomBot,DEFEAT,0,3
663,RandomBot,DEFEAT,0,3
664,RandomBot,DEFEAT,0,3
665,RandomBot,DEFEAT,0,2
666,RandomBot,DEFEAT,0,1
667,RandomBot,DEFEAT,0,3
668,RandomBot,DEFEAT,0,2
669,RandomBot,DEFEAT,0,1
670,RandomBot,DEFEAT,0,4
671,RandomBot,DEFEAT,0,2
672,RandomBot,DEFEAT,0,6
673,RandomBot,DEFEAT,0,2
674,RandomBot,DEFEAT,0,5
675,RandomBot,DEFEAT,0,3
676,RandomBot,DEFEAT,0,3
677,RandomBot,DEFEAT,0,2
678,RandomBot,DEFEAT,0,2
679,RandomBot,DEFEAT,0,5
680,RandomBot,DEFEAT,0,8
681,RandomBot,DEFEAT,0,2
682,RandomBot,DEFEAT,0,3
683,RandomBot,DEFEAT,0,2
684,RandomBot,DEFEAT,0,4
685,RandomBot,DEFEAT,0,4
686,RandomBot,DEFEAT,0,2
687,RandomBot,DEFEAT,0,2
688,RandomBot,DEFEAT,0,3
689,RandomBot,DEFEAT,0,1
690,RandomBot,DEFEAT,0,6
691,RandomBot,DEFEAT,0,3
692,RandomBot,DEFEAT,0,4
693,RandomBot,DEFEAT,0,4
694,RandomBot,DEFEAT,0,3
695,RandomBot,DEFEAT,0,2
696,RandomBot,DEFEAT,0,3
697,RandomBot,DEFEAT,0,5
698,RandomBot,DEFEAT,0,2
699,RandomBot,DEFEAT,0,1
700,RandomBot,DEFEAT,0,4
701,RandomBot,DEFEAT,0,4
702,RandomBot,DEFEAT,0,5
703,RandomBot,DEFEAT,0,9
704,RandomBot,DEFEAT,0,4
705,RandomBot,DEFEAT,0,4
706,RandomBot,DEFEAT,0,2
707,RandomBot,DEFEAT,0,5
708,RandomBot,DEFEAT,0,6
709,RandomBot,DEFEAT,0,1
710,RandomBot,DEFEAT,0,2
711,RandomBot,DEFEAT,0,5
712,RandomBot,DEFEAT,0,4
713,RandomBot,VICTORY,0,6
714,RandomBot,DEFEAT,0,6
715,RandomBot,DEFEAT,0,4
716,RandomBot,DEFEAT,0,5
717,RandomBot,DEFEAT,0,5
718,RandomBot,DEFEAT,0,2
719,RandomBot,DEFEAT,0,3
720,RandomBot,DEFEAT,0,3
721,RandomBot,DEFEAT,0,3
722,RandomBot,DEFEAT,0,3
723,RandomBot,DEFEAT,0,2
724,RandomBot,DEFEAT,0,1
725,RandomBot,DEFEAT,0,2
726,RandomBot,DEFEAT,0,8
727,RandomBot,DEFEAT,0,1
728,RandomBot,DEFEAT,0,3
729,RandomBot,DEFEAT,0,6
730,RandomBot,DEFEAT,0,7
731,RandomBot,DEFEAT,0,3
732,RandomBot,DEFEAT,0,2
733,RandomBot,DEFEAT,0,5
734,RandomBot,DEFEAT,0,3
735,RandomBot,DEFEAT,0,7
736,RandomBot,DEFEAT,0,6
737,RandomBot,DEFEAT,0,5
738,RandomBot,DEFEAT,0,3
739,RandomBot,DEFEAT,0,3
740,RandomBot,DEFEAT,0,6
741,RandomBot,DEFEAT,0,4
742,RandomBot,DEFEAT,0,5
743,RandomBot,DEFEAT,0,6
744,RandomBot,DEFEAT,0,8
745,RandomBot,DEFEAT,0,10
746,RandomBot,DEFEAT,0,6
747,RandomBot,DEFEAT,0,1
748,RandomBot,DEFEAT,0,5
749,RandomBot,DEFEAT,0,4
750,RandomBot,DEFEAT,0,3
751,RandomBot,DEFEAT,0,6
752,RandomBot,DEFEAT,0,2
753,RandomBot,DEFEAT,0,6
754,RandomBot,DEFEAT,0,2
755,RandomBot,DEFEAT,0,1
756,RandomBot,DEFEAT,0,4
757,RandomBot,DEFEAT,0,5
758,RandomBot,DEFEAT,0,4
759,RandomBot,DEFEAT,0,1
760,RandomBot,DEFEAT,0,2
761,RandomBot,DEFEAT,0,3
762,RandomBot,DEFEAT,0,4
763,RandomBot,DEFEAT,0,2
764,RandomBot,DEFEAT,0,4
765,RandomBot,DEFEAT,0,3
766,RandomBot,DEFEAT,0,5
767,RandomBot,DEFEAT,0,4
768,RandomBot,DEFEAT,0,15
769,RandomBot,DEFEAT,0,4
770,RandomBot,DEFEAT,0,2
771,RandomBot,DEFEAT,0,4
772,RandomBot,DEFEAT,0,5
773,RandomBot,DEFEAT,0,4
774,RandomBot,DEFEAT,0,9
775,RandomBot,DEFEAT,0,3
776,RandomBot,DEFEAT,0,2
777,RandomBot,DEFEAT,0,3
778,RandomBot,DEFEAT,0,3
779,RandomBot,DEFEAT,0,3
780,RandomBot,DEFEAT,0,3
781,RandomBot,DEFEAT,0,4
782,RandomBot,DEFEAT,0,1
783,RandomBot,DEFEAT,0,2
784,RandomBot,DEFEAT,0,1
785,RandomBot,DEFEAT,0,3
786,RandomBot,DEFEAT,0,5
787,RandomBot,DEFEAT,0,2
788,RandomBot,DEFEAT,0,4
789,RandomBot,DEFEAT,0,2
790,RandomBot,DEFEAT,0,4
791,RandomBot,DEFEAT,0,3
792,RandomBot,DEFEAT,0,5
793,RandomBot,DEFEAT,0,3
794,RandomBot,DEFEAT,0,3
795,RandomBot,DEFEAT,0,3
796,RandomBot,DEFEAT,0,4
797,RandomBot,DEFEAT,0,6
798,RandomBot,DEFEAT,0,2
799,RandomBot,DEFEAT,0,3
800,RandomBot,DEFEAT,0,6
801,RandomBot,DEFEAT,0,4
802,RandomBot,DEFEAT,0,2
803,RandomBot,DEFEAT,0,4
804,RandomBot,DEFEAT,0,5
805,RandomBot,DEFEAT,0,5
806,RandomBot,DEFEAT,0,5
807,RandomBot,DEFEAT,0,3
808,RandomBot,DEFEAT,0,4
809,RandomBot,DEFEAT,0,5
810,RandomBot,DEFEAT,0,5
811,RandomBot,DEFEAT,0,6
812,RandomBot,DEFEAT,0,3
813,RandomBot,DEFEAT,0,4
814,RandomBot,DEFEAT,0,4
815,RandomBot,DEFEAT,0,3
816,RandomBot,DEFEAT,0,1
817,RandomBot,DEFEAT,0,3
818,RandomBot,DEFEAT,0,7
819,RandomBot,DEFEAT,0,6
820,RandomBot,DEFEAT,0,1
821,RandomBot,DEFEAT,0,1
822,RandomBot,DEFEAT,0,3
823,RandomBot,DEFEAT,0,3
824,RandomBot,DEFEAT,0,3
825,RandomBot,DEFEAT,0,3
826,RandomBot,DEFEAT,0,5
827,RandomBot,DEFEAT,0,3
828,RandomBot,DEFEAT,0,4
829,RandomBot,DEFEAT,0,1
830,RandomBot,DEFEAT,0,4
831,RandomBot,DEFEAT,0,4
832,RandomBot,DEFEAT,0,1
833,RandomBot,DEFEAT,0,1
834,RandomBot,DEFEAT,0,7
835,RandomBot,DEFEAT,0,2
836,RandomBot,DEFEAT,0,2
837,RandomBot,DEFEAT,0,2
838,RandomBot,DEFEAT,0,2
839,RandomBot,DEFEAT,0,4
840,RandomBot,DEFEAT,0,3
841,RandomBot,DEFEAT,0,5
842,RandomBot,DEFEAT,0,5
843,RandomBot,DEFEAT,0,8
844,RandomBot,DEFEAT,0,1
845,RandomBot,DEFEAT,0,7
846,RandomBot,DEFEAT,0,4
847,RandomBot,DEFEAT,0,7
848,RandomBot,DEFEAT,0,8
849,RandomBot,DEFEAT,0,3
850,RandomBot,DEFEAT,0,4
851,RandomBot,DEFEAT,0,9
852,RandomBot,DEFEAT,0,6
853,RandomBot,DEFEAT,0,5
854,RandomBot,DEFEAT,0,3
855,RandomBot,DEFEAT,0,5
856,RandomBot,DEFEAT,0,2
857,RandomBot,DEFEAT,0,4
858,RandomBot,DEFEAT,0,6
859,RandomBot,DEFEAT,0,2
860,RandomBot,DEFEAT,0,7
861,RandomBot,DEFEAT,0,3
862,RandomBot,DEFEAT,0,2
863,RandomBot,DEFEAT,0,2
864,RandomBot,DEFEAT,0,5
865,RandomBot,DEFEAT,0,3
866,RandomBot,DEFEAT,0,3
867,RandomBot,DEFEAT,0,4
868,RandomBot,DEFEAT,0,2
869,RandomBot,DEFEAT,0,3
870,RandomBot,DEFEAT,0,4
871,RandomBot,DEFEAT,0,3
872,RandomBot,DEFEAT,0,1
873,RandomBot,DEFEAT,0,3
874,RandomBot,VICTORY,0,2
875,RandomBot,DEFEAT,0,4
876,RandomBot,DEFEAT,0,1
877,RandomBot,DEFEAT,0,3
878,RandomBot,DEFEAT,0,3
879,RandomBot,DEFEAT,0,5
880,RandomBot,DEFEAT,0,2
881,RandomBot,DEFEAT,0,4
882,RandomBot,DEFEAT,0,10
883,RandomBot,DEFEAT,0,12
884,RandomBot,DEFEAT,0,5
885,RandomBot,DEFEAT,0,3
886,RandomBot,DEFEAT,0,3
887,RandomBot,DEFEAT,0,16
888,RandomBot,DEFEAT,0,4
889,RandomBot,DEFEAT,0,9
890,RandomBot,DEFEAT,0,2
891,RandomBot,DEFEAT,0,2
892,RandomBot,DEFEAT,0,2
893,RandomBot,DEFEAT,0,7
894,RandomBot,DEFEAT,0,1
895,RandomBot,DEFEAT,0,6
896,RandomBot,VICTORY,0,3
897,RandomBot,DEFEAT,0,2
898,RandomBot,DEFEAT,0,2
899,RandomBot,DEFEAT,0,4
900,RandomBot,DEFEAT,0,3
901,RandomBot,DEFEAT,0,8
902,RandomBot,DEFEAT,0,7
903,RandomBot,DEFEAT,0,1
904,RandomBot,DEFEAT,0,1
905,RandomBot,DEFEAT,0,7
906,RandomBot,DEFEAT,0,1
907,RandomBot,DEFEAT,0,4
908,RandomBot,DEFEAT,0,3
909,RandomBot,DEFEAT,0,8
910,RandomBot,DEFEAT,0,6
911,RandomBot,DEFEAT,0,1
912,RandomBot,DEFEAT,0,6
913,RandomBot,DEFEAT,0,6
914,RandomBot,DEFEAT,0,6
915,RandomBot,DEFEAT,0,4
916,RandomBot,DEFEAT,0,2
917,RandomBot,DEFEAT,2,4
918,RandomBot,DEFEAT,0,2
919,RandomBot,DEFEAT,0,3
920,RandomBot,DEFEAT,0,4
921,RandomBot,DEFEAT,0,4
922,RandomBot,DEFEAT,0,8
923,RandomBot,DEFEAT,0,4
924,RandomBot,DEFEAT,0,4
925,RandomBot,DEFEAT,0,3
926,RandomBot,DEFEAT,0,6
927,RandomBot,DEFEAT,0,5
928,RandomBot,DEFEAT,0,4
929,RandomBot,DEFEAT,0,3
930,RandomBot,DEFEAT,0,2
931,RandomBot,DEFEAT,0,9
932,RandomBot,DEFEAT,0,3
933,RandomBot,DEFEAT,0,8
934,RandomBot,DEFEAT,0,2
935,RandomBot,DEFEAT,0,4
936,RandomBot,DEFEAT,0,2
937,RandomBot,DEFEAT,0,5
938,RandomBot,DEFEAT,0,3
939,RandomBot,DEFEAT,0,1
940,RandomBot,DEFEAT,0,2
941,RandomBot,DEFEAT,0,6
942,RandomBot,DEFEAT,0,4
943,RandomBot,DEFEAT,0,2
944,RandomBot,DEFEAT,0,4
945,RandomBot,DEFEAT,0,8
946,RandomBot,DEFEAT,0,3
947,RandomBot,DEFEAT,0,1
948,RandomBot,DEFEAT,0,6
949,RandomBot,DEFEAT,0,2
950,RandomBot,DEFEAT,0,1
951,RandomBot,DEFEAT,0,1
952,RandomBot,DEFEAT,0,3
953,RandomBot,DEFEAT,0,2
954,RandomBot,DEFEAT,0,3
955,RandomBot,DEFEAT,0,2
956,RandomBot,DEFEAT,0,6
957,RandomBot,DEFEAT,0,7
958,RandomBot,DEFEAT,0,3
959,RandomBot,DEFEAT,0,2
960,RandomBot,VICTORY,0,3
961,RandomBot,DEFEAT,0,7
962,RandomBot,DEFEAT,0,9
963,RandomBot,DEFEAT,0,2
964,RandomBot,DEFEAT,0,9
965,RandomBot,DEFEAT,0,3
966,RandomBot,DEFEAT,0,4
967,RandomBot,DEFEAT,0,3
968,RandomBot,DEFEAT,0,3
969,RandomBot,DEFEAT,0,3
970,RandomBot,DEFEAT,0,2
971,RandomBot,DEFEAT,0,6
972,RandomBot,DEFEAT,0,3
973,RandomBot,DEFEAT,0,1
974,RandomBot,DEFEAT,0,3
975,RandomBot,DEFEAT,0,6
976,RandomBot,DEFEAT,0,2
977,RandomBot,DEFEAT,0,12
978,RandomBot,DEFEAT,0,2
979,RandomBot,DEFEAT,0,2
980,RandomBot,DEFEAT,0,1
981,RandomBot,DEFEAT,0,4
982,RandomBot,DEFEAT,0,1
983,RandomBot,DEFEAT,0,4
984,RandomBot,DEFEAT,0,10
985,RandomBot,DEFEAT,0,1
986,RandomBot,DEFEAT,0,2
987,RandomBot,DEFEAT,0,3
988,RandomBot,DEFEAT,0,6
989,RandomBot,DEFEAT,0,4
990,RandomBot,DEFEAT,0,3
991,RandomBot,DEFEAT,0,3
992,RandomBot,DEFEAT,0,4
993,RandomBot,DEFEAT,0,5
994,RandomBot,DEFEAT,0,3
995,RandomBot,DEFEAT,0,5
996,RandomBot,DEFEAT,0,4
997,RandomBot,DEFEAT,0,6
998,RandomBot,DEFEAT,0,5
999,RandomBot,DEFEAT,0,9
1000,RandomBot,DEFEAT,0,1
